,drug_type,fr_Al_COO,fr_Al_OH,fr_Al_OH_noTert,fr_ArN,fr_Ar_COO,fr_Ar_N,fr_Ar_NH,fr_Ar_OH,fr_COO,fr_COO2,fr_C_O,fr_C_O_noCOO,fr_C_S,fr_HOCCN,fr_Imine,fr_NH0,fr_NH1,fr_NH2,fr_N_O,fr_Ndealkylation1,fr_Ndealkylation2,fr_Nhpyrrole,fr_SH,fr_aldehyde,fr_alkyl_carbamate,fr_alkyl_halide,fr_allylic_oxid,fr_amide,fr_amidine,fr_aniline,fr_aryl_methyl,fr_azide,fr_azo,fr_barbitur,fr_benzene,fr_benzodiazepine,fr_bicyclic,fr_diazo,fr_dihydropyridine,fr_epoxide,fr_ester,fr_ether,fr_furan,fr_guanido,fr_halogen,fr_hdrzine,fr_hdrzone,fr_imidazole,fr_imide,fr_isocyan,fr_isothiocyan,fr_ketone,fr_ketone_Topliss,fr_lactam,fr_lactone,fr_methoxy,fr_morpholine,fr_nitrile,fr_nitro,fr_nitro_arom,fr_nitro_arom_nonortho,fr_nitroso,fr_oxazole,fr_oxime,fr_para_hydroxylation,fr_phenol,fr_phenol_noOrthoHbond,fr_phos_acid,fr_phos_ester,fr_piperdine,fr_piperzine,fr_priamide,fr_prisulfonamd,fr_pyridine,fr_quatN,fr_sulfide,fr_sulfonamd,fr_sulfone,fr_term_acetylene,fr_tetrazole,fr_thiazole,fr_thiocyan,fr_thiophene,fr_unbrch_alkane,fr_urea
0,1A1_ind_49,4.0,37.0,33.0,0.0,1.0,43.0,10.0,16.0,5.0,5.0,39.0,34.0,0.0,0.0,2.0,58.0,23.0,6.0,0.0,4.0,3.0,10.0,0.0,0.0,0.0,12.0,43.0,16.0,1.0,12.0,5.0,0.0,0.0,1.0,50.0,0.0,68.0,0.0,0.0,0.0,7.0,41.0,0.0,0.0,28.0,0.0,1.0,8.0,4.0,0.0,0.0,13.0,8.0,0.0,1.0,14.0,0.0,0.0,0.0,0.0,0.0,1.0,1.0,0.0,10.0,15.0,15.0,0.0,0.0,8.0,5.0,1.0,0.0,9.0,0.0,1.0,2.0,0.0,0.0,0.0,1.0,0.0,0.0,2.0,2.0
1,1A1_inh_45,1.0,51.0,48.0,3.0,1.0,31.0,6.0,11.0,2.0,2.0,50.0,48.0,0.0,0.0,0.0,63.0,31.0,10.0,6.0,6.0,1.0,6.0,0.0,0.0,2.0,5.0,29.0,33.0,0.0,9.0,14.0,0.0,0.0,0.0,41.0,0.0,56.0,0.0,3.0,0.0,11.0,56.0,2.0,1.0,16.0,1.0,1.0,6.0,1.0,0.0,0.0,5.0,4.0,0.0,3.0,21.0,1.0,5.0,3.0,3.0,2.0,1.0,0.0,1.0,7.0,11.0,10.0,0.0,0.0,7.0,3.0,2.0,0.0,5.0,0.0,0.0,1.0,0.0,0.0,0.0,0.0,0.0,1.0,12.0,1.0
2,1A1_sub_49,3.0,17.0,12.0,8.0,0.0,35.0,7.0,11.0,3.0,3.0,36.0,33.0,0.0,1.0,0.0,55.0,27.0,13.0,0.0,6.0,2.0,7.0,0.0,0.0,0.0,7.0,12.0,17.0,0.0,21.0,12.0,0.0,0.0,0.0,61.0,0.0,59.0,0.0,0.0,0.0,4.0,33.0,3.0,1.0,30.0,1.0,1.0,4.0,2.0,0.0,0.0,13.0,7.0,0.0,1.0,8.0,0.0,1.0,2.0,1.0,0.0,0.0,0.0,0.0,9.0,10.0,10.0,0.0,0.0,3.0,3.0,1.0,0.0,6.0,0.0,1.0,0.0,0.0,1.0,0.0,1.0,0.0,0.0,4.0,1.0
3,1A2_ind_39,8.0,31.0,28.0,1.0,0.0,28.0,9.0,10.0,8.0,8.0,110.0,102.0,0.0,0.0,2.0,40.0,80.0,21.0,0.0,2.0,5.0,9.0,0.0,0.0,1.0,8.0,37.0,87.0,0.0,10.0,1.0,0.0,0.0,3.0,43.0,1.0,64.0,0.0,0.0,0.0,5.0,33.0,0.0,1.0,13.0,0.0,1.0,8.0,7.0,0.0,0.0,16.0,11.0,0.0,1.0,18.0,0.0,0.0,1.0,1.0,1.0,1.0,1.0,0.0,8.0,10.0,10.0,0.0,0.0,9.0,2.0,11.0,0.0,8.0,0.0,1.0,2.0,0.0,0.0,0.0,2.0,0.0,0.0,4.0,6.0
4,1A2_inh_124,7.0,52.0,41.0,8.0,7.0,97.0,14.0,15.0,14.0,14.0,93.0,79.0,2.0,3.0,4.0,187.0,72.0,23.0,0.0,24.0,4.0,14.0,0.0,0.0,1.0,20.0,37.0,51.0,2.0,53.0,45.0,0.0,0.0,0.0,142.0,1.0,123.0,0.0,4.0,0.0,17.0,84.0,4.0,2.0,71.0,3.0,1.0,19.0,1.0,0.0,0.0,12.0,8.0,0.0,7.0,23.0,2.0,11.0,7.0,6.0,2.0,1.0,0.0,2.0,30.0,15.0,14.0,0.0,0.0,12.0,15.0,4.0,0.0,21.0,0.0,7.0,3.0,2.0,3.0,2.0,3.0,0.0,2.0,16.0,3.0
5,1A2_sub_314,10.0,45.0,38.0,25.0,2.0,213.0,42.0,59.0,12.0,12.0,151.0,139.0,4.0,3.0,13.0,356.0,160.0,46.0,7.0,39.0,16.0,42.0,0.0,2.0,2.0,76.0,85.0,85.0,6.0,111.0,107.0,0.0,0.0,0.0,409.0,3.0,366.0,0.0,0.0,0.0,20.0,219.0,5.0,5.0,164.0,5.0,2.0,29.0,1.0,0.0,0.0,41.0,31.0,0.0,8.0,95.0,1.0,6.0,10.0,7.0,5.0,5.0,3.0,1.0,79.0,52.0,52.0,1.0,1.0,23.0,21.0,10.0,0.0,36.0,3.0,17.0,4.0,2.0,4.0,2.0,4.0,0.0,10.0,56.0,11.0
6,2C19_ind_16,0.0,8.0,5.0,1.0,1.0,6.0,1.0,3.0,1.0,1.0,25.0,24.0,0.0,0.0,0.0,12.0,12.0,3.0,0.0,1.0,1.0,1.0,0.0,0.0,1.0,1.0,9.0,20.0,0.0,4.0,3.0,0.0,0.0,1.0,17.0,0.0,39.0,0.0,0.0,0.0,3.0,13.0,0.0,0.0,2.0,0.0,1.0,1.0,4.0,0.0,0.0,5.0,3.0,0.0,0.0,5.0,0.0,0.0,0.0,0.0,0.0,0.0,0.0,0.0,3.0,3.0,3.0,0.0,0.0,3.0,1.0,2.0,0.0,2.0,0.0,0.0,0.0,0.0,2.0,0.0,2.0,0.0,0.0,0.0,4.0
7,2C19_inh_109,4.0,27.0,20.0,4.0,2.0,90.0,12.0,7.0,6.0,6.0,107.0,101.0,0.0,3.0,4.0,160.0,73.0,19.0,0.0,24.0,11.0,12.0,0.0,0.0,3.0,31.0,33.0,82.0,2.0,32.0,35.0,0.0,0.0,1.0,142.0,1.0,81.0,0.0,4.0,1.0,15.0,88.0,1.0,1.0,72.0,3.0,0.0,16.0,11.0,0.0,0.0,14.0,10.0,0.0,4.0,21.0,3.0,5.0,7.0,7.0,5.0,0.0,0.0,1.0,27.0,6.0,6.0,2.0,2.0,12.0,7.0,6.0,0.0,17.0,0.0,6.0,12.0,2.0,1.0,1.0,2.0,0.0,3.0,12.0,11.0
8,2C19_sub_278,11.0,54.0,42.0,6.0,0.0,158.0,28.0,37.0,11.0,11.0,172.0,161.0,2.0,4.0,17.0,325.0,139.0,25.0,2.0,40.0,26.0,28.0,0.0,4.0,1.0,74.0,85.0,116.0,4.0,89.0,69.0,1.0,0.0,4.0,335.0,8.0,281.0,0.0,1.0,0.0,19.0,190.0,4.0,4.0,157.0,2.0,1.0,17.0,19.0,0.0,0.0,31.0,22.0,1.0,4.0,85.0,3.0,6.0,10.0,7.0,5.0,5.0,1.0,0.0,60.0,32.0,32.0,1.0,1.0,27.0,14.0,5.0,0.0,27.0,1.0,22.0,11.0,2.0,5.0,2.0,2.0,0.0,8.0,40.0,16.0
9,2C8_ind_17,1.0,11.0,9.0,0.0,1.0,2.0,0.0,6.0,2.0,2.0,30.0,28.0,0.0,0.0,0.0,14.0,16.0,1.0,0.0,1.0,0.0,0.0,0.0,0.0,1.0,5.0,11.0,22.0,0.0,4.0,3.0,0.0,0.0,2.0,17.0,0.0,47.0,0.0,0.0,0.0,2.0,20.0,0.0,0.0,6.0,0.0,2.0,0.0,5.0,0.0,0.0,9.0,6.0,0.0,0.0,11.0,0.0,0.0,0.0,0.0,0.0,0.0,0.0,0.0,2.0,6.0,6.0,0.0,0.0,1.0,2.0,1.0,0.0,0.0,0.0,0.0,1.0,0.0,0.0,0.0,2.0,0.0,0.0,1.0,5.0
10,2C8_inh_96,15.0,49.0,43.0,8.0,2.0,70.0,7.0,16.0,17.0,17.0,113.0,96.0,2.0,3.0,3.0,127.0,65.0,12.0,0.0,16.0,5.0,7.0,0.0,0.0,1.0,25.0,50.0,57.0,1.0,36.0,27.0,0.0,0.0,0.0,130.0,0.0,80.0,0.0,5.0,1.0,29.0,89.0,0.0,2.0,57.0,2.0,2.0,9.0,5.0,0.0,0.0,12.0,6.0,1.0,5.0,25.0,0.0,3.0,7.0,6.0,3.0,0.0,0.0,1.0,15.0,15.0,14.0,1.0,1.0,10.0,6.0,1.0,0.0,13.0,0.0,8.0,8.0,0.0,0.0,2.0,3.0,0.0,5.0,21.0,4.0
11,2C8_sub_189,21.0,44.0,36.0,12.0,3.0,106.0,20.0,30.0,24.0,24.0,153.0,130.0,0.0,1.0,5.0,215.0,96.0,15.0,0.0,34.0,14.0,20.0,0.0,2.0,2.0,42.0,91.0,88.0,4.0,75.0,43.0,1.0,0.0,1.0,257.0,3.0,167.0,0.0,1.0,0.0,26.0,135.0,1.0,0.0,99.0,1.0,1.0,10.0,15.0,0.0,0.0,22.0,18.0,1.0,3.0,55.0,0.0,6.0,3.0,3.0,3.0,5.0,1.0,0.0,38.0,26.0,26.0,3.0,3.0,22.0,11.0,1.0,0.0,24.0,0.0,11.0,14.0,4.0,2.0,2.0,1.0,0.0,4.0,29.0,12.0
12,2C9_ind_28,2.0,12.0,10.0,2.0,0.0,12.0,3.0,7.0,2.0,2.0,40.0,38.0,0.0,1.0,0.0,25.0,24.0,7.0,0.0,2.0,1.0,3.0,0.0,0.0,1.0,14.0,23.0,25.0,0.0,7.0,1.0,0.0,0.0,2.0,33.0,0.0,50.0,0.0,2.0,0.0,8.0,32.0,0.0,0.0,20.0,0.0,2.0,1.0,5.0,0.0,0.0,10.0,7.0,0.0,1.0,15.0,1.0,0.0,2.0,2.0,1.0,0.0,0.0,0.0,7.0,7.0,7.0,0.0,0.0,2.0,2.0,2.0,0.0,1.0,0.0,1.0,3.0,1.0,1.0,0.0,2.0,0.0,1.0,2.0,5.0
13,2C9_inh_220,29.0,74.0,66.0,20.0,5.0,205.0,27.0,32.0,34.0,34.0,239.0,205.0,2.0,5.0,9.0,331.0,172.0,43.0,2.0,35.0,14.0,27.0,0.0,0.0,3.0,46.0,74.0,139.0,4.0,95.0,63.0,0.0,0.0,0.0,304.0,1.0,179.0,0.0,13.0,0.0,46.0,176.0,3.0,6.0,126.0,5.0,1.0,28.0,7.0,0.0,0.0,27.0,15.0,1.0,7.0,59.0,2.0,9.0,17.0,16.0,12.0,0.0,1.0,1.0,58.0,26.0,26.0,1.0,1.0,21.0,14.0,8.0,0.0,32.0,1.0,11.0,29.0,2.0,2.0,6.0,4.0,0.0,11.0,34.0,10.0
14,2C9_sub_329,42.0,71.0,55.0,12.0,5.0,210.0,38.0,54.0,47.0,47.0,252.0,205.0,3.0,5.0,15.0,391.0,165.0,28.0,6.0,49.0,19.0,38.0,0.0,3.0,3.0,73.0,97.0,146.0,6.0,112.0,91.0,1.0,0.0,1.0,435.0,6.0,329.0,0.0,1.0,1.0,30.0,201.0,2.0,3.0,180.0,5.0,2.0,22.0,15.0,0.0,0.0,43.0,27.0,0.0,4.0,82.0,1.0,3.0,8.0,6.0,4.0,7.0,2.0,0.0,85.0,44.0,44.0,2.0,2.0,32.0,26.0,8.0,0.0,41.0,0.0,24.0,30.0,6.0,4.0,7.0,4.0,0.0,20.0,37.0,22.0
15,2D6_inh_245,8.0,98.0,75.0,13.0,1.0,155.0,24.0,24.0,9.0,9.0,174.0,165.0,2.0,9.0,9.0,358.0,161.0,42.0,3.0,50.0,27.0,24.0,0.0,0.0,1.0,51.0,43.0,97.0,8.0,93.0,69.0,0.0,0.0,0.0,346.0,0.0,236.0,0.0,8.0,0.0,46.0,185.0,4.0,6.0,139.0,1.0,1.0,19.0,3.0,0.0,0.0,28.0,20.0,1.0,5.0,68.0,4.0,6.0,11.0,10.0,7.0,1.0,0.0,1.0,68.0,23.0,22.0,0.0,0.0,68.0,24.0,6.0,0.0,38.0,1.0,10.0,11.0,2.0,2.0,1.0,4.0,0.0,5.0,36.0,6.0
16,2D6_sub_429,15.0,106.0,82.0,10.0,0.0,195.0,41.0,48.0,15.0,15.0,216.0,201.0,4.0,16.0,12.0,504.0,235.0,48.0,5.0,79.0,64.0,41.0,1.0,2.0,2.0,82.0,65.0,117.0,10.0,136.0,117.0,0.0,0.0,0.0,560.0,0.0,466.0,0.0,3.0,1.0,41.0,315.0,8.0,8.0,177.0,1.0,3.0,16.0,7.0,0.0,0.0,54.0,40.0,1.0,1.0,135.0,6.0,6.0,8.0,4.0,3.0,8.0,3.0,3.0,120.0,46.0,45.0,0.0,0.0,116.0,42.0,8.0,0.0,39.0,6.0,24.0,10.0,5.0,2.0,2.0,2.0,0.0,13.0,75.0,18.0
17,2E1_ind_28,3.0,34.0,33.0,1.0,3.0,5.0,1.0,5.0,6.0,6.0,24.0,19.0,0.0,0.0,1.0,14.0,14.0,6.0,0.0,2.0,1.0,1.0,0.0,0.0,0.0,3.0,20.0,18.0,0.0,6.0,1.0,0.0,0.0,1.0,16.0,1.0,26.0,0.0,0.0,0.0,2.0,20.0,0.0,0.0,9.0,1.0,1.0,1.0,4.0,0.0,0.0,1.0,1.0,0.0,0.0,6.0,0.0,0.0,0.0,0.0,0.0,1.0,0.0,0.0,3.0,5.0,4.0,0.0,0.0,1.0,2.0,2.0,0.0,3.0,0.0,0.0,0.0,0.0,0.0,0.0,0.0,0.0,0.0,0.0,3.0
18,2E1_inh_72,14.0,39.0,38.0,5.0,1.0,75.0,13.0,12.0,15.0,15.0,131.0,117.0,2.0,1.0,8.0,119.0,120.0,31.0,0.0,8.0,7.0,13.0,2.0,0.0,1.0,7.0,5.0,108.0,2.0,29.0,23.0,0.0,0.0,0.0,86.0,3.0,60.0,0.0,1.0,0.0,3.0,33.0,0.0,6.0,45.0,1.0,1.0,16.0,0.0,0.0,0.0,4.0,3.0,0.0,0.0,4.0,0.0,2.0,2.0,2.0,0.0,0.0,1.0,0.0,19.0,10.0,10.0,0.0,0.0,3.0,5.0,11.0,0.0,9.0,0.0,6.0,4.0,1.0,3.0,0.0,3.0,0.0,2.0,13.0,1.0
19,2E1_sub_169,14.0,22.0,21.0,6.0,2.0,71.0,13.0,23.0,16.0,16.0,79.0,65.0,5.0,0.0,4.0,150.0,55.0,26.0,4.0,15.0,3.0,13.0,0.0,2.0,0.0,60.0,51.0,44.0,2.0,27.0,37.0,0.0,0.0,1.0,135.0,0.0,116.0,0.0,2.0,3.0,11.0,98.0,1.0,3.0,86.0,3.0,2.0,8.0,5.0,0.0,0.0,13.0,9.0,0.0,4.0,34.0,0.0,5.0,7.0,6.0,6.0,10.0,3.0,1.0,26.0,22.0,21.0,1.0,1.0,6.0,7.0,9.0,0.0,12.0,1.0,5.0,3.0,3.0,1.0,0.0,0.0,0.0,5.0,97.0,7.0
20,3A4_ind_101,8.0,63.0,45.0,2.0,2.0,68.0,7.0,21.0,10.0,10.0,152.0,142.0,0.0,0.0,3.0,131.0,52.0,12.0,0.0,16.0,7.0,7.0,0.0,0.0,1.0,26.0,66.0,74.0,1.0,32.0,27.0,0.0,0.0,2.0,114.0,1.0,181.0,0.0,2.0,0.0,30.0,114.0,0.0,1.0,50.0,2.0,2.0,9.0,9.0,0.0,0.0,41.0,26.0,3.0,6.0,30.0,1.0,0.0,3.0,3.0,2.0,0.0,0.0,1.0,21.0,20.0,20.0,0.0,0.0,15.0,4.0,7.0,0.0,18.0,0.0,6.0,3.0,3.0,1.0,0.0,2.0,0.0,0.0,4.0,6.0
21,3A4_inh_313,16.0,213.0,152.0,20.0,5.0,238.0,38.0,48.0,21.0,21.0,391.0,372.0,3.0,6.0,13.0,485.0,217.0,62.0,2.0,79.0,29.0,38.0,1.0,4.0,6.0,50.0,123.0,181.0,5.0,115.0,68.0,0.0,0.0,0.0,384.0,1.0,410.0,0.0,15.0,3.0,114.0,378.0,4.0,6.0,147.0,6.0,2.0,33.0,4.0,0.0,0.0,79.0,50.0,0.0,29.0,124.0,2.0,8.0,18.0,16.0,11.0,2.0,2.0,3.0,71.0,43.0,42.0,2.0,2.0,58.0,24.0,9.0,0.0,48.0,2.0,16.0,23.0,3.0,5.0,3.0,4.0,0.0,7.0,49.0,9.0
22,3A4_sub_707,54.0,340.0,244.0,32.0,3.0,498.0,69.0,86.0,57.0,57.0,634.0,582.0,5.0,8.0,35.0,991.0,345.0,75.0,10.0,127.0,70.0,69.0,0.0,12.0,6.0,143.0,325.0,283.0,9.0,221.0,205.0,1.0,0.0,0.0,844.0,15.0,1009.0,0.0,18.0,3.0,157.0,714.0,5.0,9.0,365.0,7.0,4.0,62.0,14.0,0.0,0.0,143.0,89.0,4.0,34.0,239.0,5.0,21.0,29.0,25.0,20.0,9.0,3.0,2.0,154.0,78.0,75.0,3.0,3.0,118.0,50.0,18.0,0.0,81.0,3.0,35.0,30.0,7.0,11.0,6.0,5.0,0.0,22.0,114.0,24.0
23,3A5_ind_30,3.0,29.0,23.0,0.0,0.0,18.0,2.0,12.0,3.0,3.0,60.0,57.0,0.0,0.0,0.0,39.0,20.0,4.0,0.0,8.0,1.0,2.0,0.0,0.0,1.0,6.0,26.0,37.0,0.0,10.0,6.0,0.0,0.0,2.0,35.0,0.0,85.0,0.0,0.0,0.0,9.0,46.0,0.0,0.0,11.0,0.0,2.0,2.0,6.0,0.0,0.0,16.0,8.0,0.0,1.0,14.0,0.0,0.0,0.0,0.0,0.0,0.0,0.0,0.0,5.0,12.0,12.0,0.0,0.0,3.0,3.0,3.0,0.0,2.0,0.0,2.0,0.0,0.0,0.0,0.0,2.0,0.0,0.0,1.0,6.0
24,3A5_inh_29,1.0,18.0,14.0,0.0,1.0,29.0,3.0,5.0,2.0,2.0,47.0,45.0,0.0,3.0,1.0,68.0,34.0,4.0,0.0,15.0,3.0,3.0,0.0,0.0,3.0,3.0,10.0,36.0,0.0,11.0,9.0,0.0,0.0,0.0,41.0,0.0,32.0,0.0,1.0,0.0,6.0,35.0,2.0,1.0,13.0,2.0,1.0,4.0,1.0,0.0,0.0,4.0,2.0,0.0,1.0,14.0,0.0,2.0,2.0,1.0,1.0,0.0,0.0,1.0,6.0,5.0,5.0,0.0,0.0,2.0,6.0,2.0,0.0,6.0,1.0,5.0,1.0,0.0,0.0,0.0,2.0,0.0,0.0,7.0,1.0
25,3A5_sub_124,9.0,94.0,70.0,5.0,1.0,97.0,12.0,15.0,10.0,10.0,173.0,163.0,2.0,3.0,6.0,203.0,74.0,13.0,0.0,26.0,18.0,12.0,0.0,1.0,5.0,22.0,56.0,78.0,1.0,39.0,35.0,0.0,1.0,0.0,153.0,2.0,210.0,0.0,7.0,1.0,50.0,148.0,0.0,1.0,59.0,2.0,1.0,14.0,5.0,0.0,0.0,37.0,25.0,1.0,10.0,52.0,1.0,2.0,8.0,7.0,4.0,0.0,0.0,1.0,25.0,15.0,13.0,1.0,1.0,29.0,12.0,2.0,0.0,18.0,1.0,2.0,6.0,1.0,2.0,2.0,3.0,0.0,2.0,20.0,3.0
26,GST_ind_48,16.0,20.0,17.0,3.0,1.0,22.0,6.0,11.0,17.0,17.0,107.0,90.0,0.0,0.0,2.0,42.0,65.0,22.0,0.0,4.0,5.0,6.0,0.0,0.0,0.0,4.0,39.0,72.0,2.0,10.0,7.0,0.0,0.0,1.0,45.0,0.0,54.0,0.0,0.0,0.0,6.0,25.0,0.0,1.0,16.0,0.0,0.0,4.0,3.0,0.0,0.0,13.0,8.0,0.0,2.0,12.0,0.0,1.0,0.0,0.0,0.0,1.0,0.0,0.0,6.0,10.0,10.0,1.0,1.0,4.0,4.0,8.0,0.0,0.0,0.0,3.0,0.0,1.0,0.0,0.0,0.0,0.0,1.0,5.0,2.0
27,GST_inh_35,15.0,41.0,39.0,3.0,1.0,16.0,4.0,10.0,16.0,16.0,79.0,65.0,0.0,0.0,0.0,28.0,51.0,16.0,0.0,5.0,1.0,4.0,1.0,0.0,0.0,3.0,9.0,48.0,0.0,9.0,10.0,0.0,0.0,0.0,34.0,0.0,50.0,0.0,0.0,0.0,6.0,29.0,0.0,4.0,16.0,0.0,0.0,1.0,0.0,0.0,0.0,8.0,4.0,0.0,4.0,5.0,0.0,0.0,0.0,0.0,0.0,0.0,0.0,0.0,8.0,8.0,8.0,0.0,0.0,3.0,0.0,5.0,0.0,3.0,0.0,1.0,0.0,0.0,0.0,0.0,0.0,0.0,2.0,8.0,0.0
28,GST_sub_20,4.0,4.0,3.0,1.0,0.0,5.0,0.0,5.0,4.0,4.0,18.0,14.0,0.0,0.0,0.0,16.0,5.0,5.0,0.0,1.0,0.0,0.0,0.0,0.0,0.0,4.0,7.0,6.0,0.0,3.0,5.0,0.0,0.0,0.0,12.0,0.0,30.0,0.0,0.0,1.0,4.0,18.0,0.0,0.0,12.0,0.0,0.0,0.0,1.0,0.0,0.0,6.0,3.0,0.0,0.0,3.0,0.0,0.0,0.0,0.0,0.0,1.0,0.0,0.0,1.0,5.0,5.0,0.0,0.0,0.0,1.0,0.0,0.0,1.0,0.0,1.0,0.0,0.0,0.0,0.0,0.0,0.0,0.0,4.0,2.0
29,MET_ind_16,8.0,9.0,9.0,5.0,0.0,18.0,6.0,8.0,8.0,8.0,57.0,49.0,0.0,0.0,0.0,24.0,52.0,18.0,0.0,3.0,3.0,6.0,0.0,0.0,0.0,0.0,1.0,43.0,0.0,7.0,1.0,0.0,0.0,0.0,18.0,0.0,19.0,0.0,0.0,0.0,3.0,6.0,0.0,4.0,1.0,0.0,0.0,3.0,0.0,0.0,0.0,3.0,2.0,0.0,0.0,4.0,0.0,1.0,1.0,1.0,0.0,0.0,0.0,0.0,2.0,8.0,8.0,0.0,0.0,3.0,0.0,5.0,0.0,1.0,1.0,1.0,1.0,0.0,1.0,0.0,0.0,0.0,1.0,5.0,0.0
30,MET_inh_38,6.0,32.0,30.0,6.0,4.0,25.0,1.0,17.0,10.0,10.0,41.0,31.0,0.0,0.0,0.0,50.0,28.0,10.0,1.0,11.0,3.0,1.0,0.0,0.0,0.0,3.0,2.0,15.0,0.0,18.0,8.0,0.0,1.0,0.0,40.0,0.0,42.0,0.0,0.0,0.0,7.0,34.0,0.0,5.0,8.0,0.0,0.0,1.0,0.0,0.0,0.0,9.0,5.0,0.0,2.0,6.0,1.0,1.0,2.0,2.0,0.0,0.0,0.0,0.0,6.0,15.0,12.0,0.0,0.0,4.0,0.0,2.0,0.0,5.0,2.0,0.0,2.0,0.0,1.0,0.0,0.0,0.0,0.0,8.0,0.0
31,MET_sub_16,6.0,10.0,10.0,4.0,0.0,24.0,6.0,9.0,6.0,6.0,11.0,6.0,0.0,0.0,0.0,23.0,9.0,8.0,0.0,3.0,1.0,6.0,1.0,0.0,0.0,0.0,23.0,2.0,0.0,5.0,2.0,0.0,0.0,0.0,9.0,0.0,10.0,0.0,0.0,0.0,1.0,5.0,0.0,0.0,0.0,0.0,0.0,6.0,0.0,0.0,0.0,2.0,2.0,0.0,1.0,2.0,0.0,0.0,1.0,0.0,0.0,0.0,0.0,0.0,0.0,9.0,9.0,0.0,0.0,0.0,0.0,0.0,0.0,0.0,0.0,0.0,0.0,0.0,0.0,0.0,0.0,0.0,0.0,0.0,0.0
32,NAT_ind_30,12.0,25.0,22.0,4.0,0.0,22.0,4.0,10.0,12.0,12.0,85.0,73.0,0.0,0.0,2.0,32.0,64.0,19.0,0.0,5.0,1.0,4.0,0.0,0.0,0.0,9.0,4.0,60.0,1.0,14.0,5.0,0.0,0.0,0.0,33.0,1.0,44.0,0.0,0.0,0.0,5.0,13.0,0.0,1.0,15.0,0.0,0.0,5.0,0.0,0.0,0.0,7.0,5.0,0.0,1.0,4.0,0.0,0.0,0.0,0.0,0.0,0.0,0.0,0.0,5.0,10.0,10.0,1.0,1.0,1.0,1.0,6.0,0.0,0.0,0.0,0.0,2.0,0.0,1.0,0.0,0.0,0.0,0.0,5.0,0.0
33,NAT_inh_31,9.0,15.0,12.0,3.0,2.0,12.0,4.0,5.0,11.0,11.0,48.0,37.0,2.0,0.0,2.0,32.0,22.0,6.0,0.0,10.0,2.0,4.0,1.0,0.0,0.0,2.0,5.0,21.0,0.0,7.0,4.0,0.0,0.0,0.0,33.0,0.0,34.0,0.0,0.0,0.0,11.0,22.0,1.0,2.0,9.0,1.0,0.0,1.0,0.0,0.0,0.0,5.0,3.0,0.0,3.0,4.0,0.0,1.0,0.0,0.0,0.0,1.0,0.0,0.0,6.0,4.0,3.0,0.0,0.0,2.0,1.0,2.0,0.0,2.0,2.0,1.0,0.0,0.0,0.0,0.0,0.0,0.0,0.0,3.0,1.0
34,NAT_sub_19,2.0,14.0,13.0,9.0,2.0,24.0,3.0,3.0,4.0,4.0,8.0,4.0,0.0,0.0,1.0,26.0,15.0,24.0,0.0,3.0,0.0,3.0,0.0,0.0,0.0,0.0,0.0,4.0,0.0,15.0,4.0,0.0,0.0,0.0,14.0,1.0,6.0,0.0,0.0,0.0,0.0,12.0,0.0,0.0,4.0,2.0,0.0,1.0,0.0,0.0,0.0,0.0,0.0,0.0,0.0,0.0,0.0,0.0,1.0,1.0,1.0,0.0,0.0,0.0,2.0,2.0,1.0,0.0,0.0,0.0,0.0,0.0,0.0,1.0,0.0,0.0,3.0,0.0,0.0,0.0,0.0,0.0,0.0,0.0,0.0
35,SUL_ind_15,10.0,22.0,17.0,2.0,0.0,11.0,4.0,8.0,10.0,10.0,86.0,76.0,0.0,0.0,0.0,10.0,65.0,14.0,0.0,2.0,1.0,4.0,0.0,0.0,0.0,2.0,21.0,63.0,0.0,3.0,1.0,0.0,0.0,0.0,16.0,0.0,49.0,0.0,0.0,0.0,1.0,3.0,0.0,2.0,2.0,0.0,0.0,3.0,0.0,0.0,0.0,12.0,6.0,0.0,0.0,0.0,0.0,0.0,0.0,0.0,0.0,0.0,0.0,0.0,1.0,8.0,8.0,0.0,0.0,0.0,0.0,6.0,0.0,0.0,0.0,1.0,0.0,0.0,1.0,0.0,0.0,0.0,0.0,3.0,0.0
36,SUL_inh_17,7.0,11.0,7.0,0.0,2.0,4.0,0.0,5.0,9.0,9.0,25.0,18.0,0.0,1.0,0.0,9.0,2.0,2.0,0.0,0.0,2.0,0.0,0.0,1.0,0.0,6.0,4.0,3.0,0.0,2.0,2.0,0.0,0.0,0.0,21.0,0.0,21.0,0.0,0.0,0.0,5.0,10.0,0.0,0.0,13.0,0.0,0.0,0.0,0.0,0.0,0.0,7.0,6.0,0.0,0.0,2.0,0.0,0.0,0.0,0.0,0.0,0.0,0.0,0.0,5.0,3.0,2.0,1.0,1.0,2.0,1.0,1.0,0.0,2.0,0.0,0.0,1.0,0.0,0.0,0.0,0.0,0.0,0.0,0.0,0.0
37,SUL_sub_25,4.0,34.0,32.0,4.0,2.0,12.0,1.0,16.0,6.0,6.0,23.0,17.0,0.0,0.0,0.0,14.0,14.0,7.0,0.0,5.0,0.0,1.0,0.0,0.0,0.0,5.0,8.0,9.0,0.0,6.0,2.0,0.0,0.0,0.0,29.0,0.0,51.0,0.0,0.0,0.0,2.0,25.0,0.0,0.0,9.0,0.0,0.0,2.0,0.0,0.0,0.0,6.0,4.0,0.0,1.0,2.0,0.0,0.0,0.0,0.0,0.0,0.0,0.0,0.0,2.0,15.0,15.0,0.0,0.0,1.0,0.0,0.0,0.0,2.0,0.0,0.0,1.0,0.0,1.0,0.0,0.0,0.0,0.0,0.0,0.0
38,UGT_ind_20,2.0,11.0,9.0,0.0,1.0,9.0,0.0,2.0,3.0,3.0,23.0,20.0,2.0,0.0,0.0,12.0,9.0,3.0,0.0,2.0,0.0,0.0,0.0,0.0,0.0,4.0,6.0,10.0,0.0,5.0,5.0,0.0,0.0,1.0,20.0,0.0,29.0,0.0,0.0,0.0,4.0,7.0,0.0,0.0,12.0,0.0,0.0,3.0,3.0,0.0,0.0,7.0,4.0,0.0,0.0,1.0,0.0,0.0,0.0,0.0,0.0,0.0,0.0,0.0,6.0,2.0,2.0,1.0,1.0,0.0,0.0,1.0,0.0,0.0,0.0,3.0,0.0,0.0,0.0,0.0,0.0,0.0,0.0,14.0,3.0
39,UGT_inh_31,3.0,26.0,24.0,1.0,2.0,27.0,0.0,6.0,5.0,5.0,46.0,41.0,0.0,2.0,1.0,52.0,31.0,3.0,0.0,5.0,2.0,0.0,0.0,0.0,3.0,9.0,7.0,36.0,0.0,23.0,13.0,0.0,0.0,0.0,43.0,1.0,42.0,0.0,0.0,0.0,3.0,25.0,1.0,0.0,21.0,2.0,0.0,1.0,0.0,0.0,0.0,6.0,3.0,0.0,2.0,6.0,1.0,0.0,1.0,0.0,0.0,0.0,0.0,0.0,10.0,6.0,6.0,0.0,0.0,1.0,1.0,2.0,0.0,7.0,0.0,1.0,1.0,0.0,1.0,0.0,3.0,0.0,0.0,5.0,4.0
40,UGT_sub_66,11.0,35.0,30.0,2.0,8.0,58.0,6.0,22.0,19.0,19.0,58.0,39.0,0.0,1.0,2.0,93.0,26.0,6.0,1.0,6.0,10.0,6.0,0.0,0.0,2.0,6.0,3.0,26.0,1.0,26.0,25.0,1.0,0.0,0.0,94.0,1.0,70.0,0.0,0.0,1.0,5.0,48.0,0.0,0.0,24.0,2.0,0.0,6.0,1.0,0.0,0.0,8.0,7.0,1.0,4.0,8.0,0.0,3.0,0.0,0.0,0.0,0.0,0.0,0.0,20.0,19.0,17.0,0.0,0.0,9.0,3.0,4.0,0.0,8.0,0.0,1.0,1.0,0.0,0.0,2.0,2.0,0.0,0.0,4.0,1.0
